x,y
1.0,3.26940219183
1.0006666666666666,3.08778697288
1.0013333333333334,3.80160369882
1.002,4.0762254434
1.0026666666666666,3.64405703366
1.0033333333333334,3.4961909506
1.004,3.45506461425
1.0046666666666666,4.0348528772
1.0053333333333334,3.94821628882
1.006,3.74948029583
1.0066666666666666,3.42260940705
1.0073333333333334,3.28287515371
1.008,3.61816355671
1.0086666666666666,3.94808485734
1.0093333333333334,4.05236458894
1.01,3.72378510198
1.0106666666666666,3.60269705629
1.0113333333333334,3.17055485452
1.012,3.25706049991
1.0126666666666666,3.47949781319
1.0133333333333334,3.88247272817
1.014,3.42833197355
1.0146666666666666,3.73409127568
1.0153333333333334,3.46295297318
1.016,3.82459237282
1.0166666666666666,3.57483291372
1.0173333333333334,3.43854923725
1.018,3.46411551433
1.0186666666666666,3.46218633592
1.0193333333333334,3.47841340413
1.02,3.68329067303
1.0206666666666666,4.05632487558
1.0213333333333334,3.45577365763
1.022,3.59065120536
1.0226666666666666,3.44812694394
1.0233333333333334,3.59867407055
1.024,3.64590196942
1.0246666666666666,3.81621998275
1.0253333333333334,3.65812198049
1.026,3.76574699657
1.0266666666666666,3.62849308095
1.0273333333333334,3.83425900639
1.028,3.73812305216
1.0286666666666666,3.60408530794
1.0293333333333334,3.11937547887
1.03,3.76961702645
1.0306666666666666,3.32205599951
1.0313333333333334,3.84652173649
1.032,3.54566773444
1.0326666666666666,3.48020456531
1.0333333333333334,3.82986713347
1.034,3.70723274543
1.0346666666666666,3.09636475607
1.0353333333333334,3.08172958509
1.036,3.70153250987
1.0366666666666666,3.90865392617
1.0373333333333332,3.53246497104
1.038,3.75824461231
1.0386666666666666,3.7546374159
1.0393333333333334,3.51029064022
1.04,3.98896719306
1.0406666666666666,3.77316614063
1.0413333333333332,3.46193038564
1.042,3.46689509456
1.0426666666666666,3.50355520573
1.0433333333333334,3.39329771929
1.044,3.69191476165
1.0446666666666666,3.65932886375
1.0453333333333332,3.92763468939
1.046,3.56465606299
1.0466666666666666,3.97132585684
1.0473333333333332,3.49208990768
1.048,3.84370971408
1.0486666666666666,3.65239031358
1.0493333333333332,3.68166127245
1.05,3.34780317424
1.0506666666666666,3.53490080174
1.0513333333333332,3.46720943034
1.052,3.62277446618
1.0526666666666666,3.6543847961
1.0533333333333332,3.65554804508
1.054,3.76486303905
1.0546666666666666,3.62975737314
1.0553333333333332,3.61499581083
1.056,3.7559181945
1.0566666666666666,3.17260824811
1.0573333333333332,3.57324992778
1.058,3.35535416392
1.0586666666666666,3.80212753953
1.0593333333333332,3.71804387947
1.06,3.81812774138
1.0606666666666666,3.99158808805
1.0613333333333332,3.91671856701
1.062,4.02011037691
1.0626666666666666,3.41061733565
1.0633333333333332,2.70897290505
1.064,3.90610855265
1.0646666666666667,3.61855940252
1.0653333333333332,3.44365234414
1.066,3.91094625886
1.0666666666666667,3.58077339337
1.0673333333333332,3.5855964299
1.068,3.29759495181
1.0686666666666667,3.73213610694
1.0693333333333332,3.89640363155
1.07,3.61410301284
1.0706666666666667,3.99914654542
1.0713333333333332,3.86460025119
1.072,3.35697621076
1.0726666666666667,3.69878221195
1.0733333333333333,3.310433304
1.074,3.75857887281
1.0746666666666667,3.85478120251
1.0753333333333333,3.29116648402
1.076,3.6463954382
1.0766666666666667,3.71133644017
1.0773333333333333,3.91877364713
1.078,3.75379777489
1.0786666666666667,4.02504678668
1.0793333333333333,3.55986250883
1.08,3.69879815292
1.0806666666666667,3.89671297766
1.0813333333333333,3.50983744597
1.082,3.42558719086
1.0826666666666667,3.75620105232
1.0833333333333333,3.96031748557
1.084,3.58599940697
1.0846666666666667,3.9530948313
1.0853333333333333,3.52260731887
1.086,3.69176126956
1.0866666666666667,4.15346265134
1.0873333333333333,3.68019089853
1.088,3.83457721923
1.0886666666666667,4.14973327761
1.0893333333333333,3.57213006218
1.09,3.69517170268
1.0906666666666667,3.44507649167
1.0913333333333333,3.68207302235
1.092,3.74997388825
1.0926666666666667,4.12590484548
1.0933333333333333,3.93266241076
1.094,3.89346699712
1.0946666666666667,3.80353711858
1.0953333333333333,3.65519607784
1.096,3.38534765678
1.0966666666666667,4.05515013753
1.0973333333333333,3.70550013806
1.098,3.10508688435
1.0986666666666667,4.14698394561
1.0993333333333333,3.57612390133
1.1,3.62789861832
1.1006666666666667,3.89126892686
1.1013333333333333,4.42396406107
1.102,4.16166665288
1.1026666666666667,3.58864300763
1.1033333333333333,4.07627382276
1.104,3.70275655108
1.1046666666666667,3.76609578446
1.1053333333333333,3.29125457649
1.106,4.1366580694
1.1066666666666667,3.41804355988
1.1073333333333333,3.79439741519
1.108,3.89627183275
1.1086666666666667,3.47396217748
1.1093333333333333,4.13434394058
1.11,3.0775280163
1.1106666666666667,3.95493839359
1.1113333333333333,4.09604216845
1.112,4.1275288061
1.1126666666666667,4.3057345719
1.1133333333333333,3.91315732794
1.1139999999999999,3.74529532188
1.1146666666666667,3.85540361561
1.1153333333333333,3.8196926966
1.116,3.58481507124
1.1166666666666667,3.87254422245
1.1173333333333333,3.81031089291
1.1179999999999999,3.80029699162
1.1186666666666667,3.64382191081
1.1193333333333333,3.88717098761
1.12,3.93584562183
1.1206666666666667,3.86142237276
1.1213333333333333,3.54002981829
1.1219999999999999,3.75277275109
1.1226666666666667,4.26458521089
1.1233333333333333,3.6043586441
1.124,3.99914621412
1.1246666666666667,3.72493631529
1.1253333333333333,3.32184425755
1.126,4.39287516362
1.1266666666666667,3.6448552326
1.1273333333333333,3.75136477439
1.1280000000000001,3.84776855794
1.1286666666666667,3.95511998125
1.1293333333333333,4.08017203346
1.13,4.33896363632
1.1306666666666667,3.84651479212
1.1313333333333333,3.98861525818
1.1320000000000001,4.22216143389
1.1326666666666667,3.90427823995
1.1333333333333333,3.6482222159
1.134,3.3640192927
1.1346666666666667,3.6248980069
1.1353333333333333,3.842073401
1.136,3.68036220341
1.1366666666666667,3.7631798364
1.1373333333333333,3.69024126312
1.138,3.73661967707
1.1386666666666667,3.77611782997
1.1393333333333333,3.73337298087
1.14,3.62460595597
1.1406666666666667,3.72776972473
1.1413333333333333,4.1008451851
1.142,3.62712882782
1.1426666666666667,3.43771430429
1.1433333333333333,3.57104768769
1.144,3.58330804244
1.1446666666666667,3.32024346118
1.1453333333333333,4.00173672582
1.146,3.72461373575
1.1466666666666667,4.09861053362
1.1473333333333333,3.77462971288
1.148,3.99609281271
1.1486666666666667,3.77424679271
1.1493333333333333,4.01987240715
1.15,3.91633199249
1.1506666666666667,3.69218134079
1.1513333333333333,3.88604216447
1.152,4.27898901065
1.1526666666666667,3.78295846091
1.1533333333333333,3.56842691455
1.154,3.62579436967
1.1546666666666667,3.97232089693
1.1553333333333333,3.51981885048
1.156,3.78254643778
1.1566666666666667,3.72641850384
1.1573333333333333,3.98881673856
1.158,3.95265503149
1.1586666666666667,3.80382076125
1.1593333333333333,3.41500941051
1.16,4.00015918077
1.1606666666666667,4.15492437731
1.1613333333333333,3.75373151001
1.162,3.87087487809
1.1626666666666667,3.97037644417
1.1633333333333333,4.25669877548
1.164,4.12537472297
1.1646666666666667,4.03168345394
1.1653333333333333,3.65837304421
1.166,3.80611463954
1.1666666666666667,4.15387927733
1.1673333333333333,4.2284426198
1.168,3.65456077309
1.1686666666666667,3.57263686653
1.1693333333333333,3.93166797932
1.17,3.61825233376
1.1706666666666667,4.00114382145
1.1713333333333333,3.95331892084
1.172,3.58252794214
1.1726666666666667,3.85873478122
1.1733333333333333,3.57689356198
1.174,4.13930713922
1.1746666666666667,4.16448645853
1.1753333333333333,3.94248051556
1.176,4.02031421592
1.1766666666666667,3.98214617595
1.1773333333333333,3.61913818829
1.178,3.97990160812
1.1786666666666668,3.81392506432
1.1793333333333333,4.01109689807
1.18,4.00738748367
1.1806666666666668,4.25026834376
1.1813333333333333,3.81311111023
1.182,3.53328947391
1.1826666666666668,4.15171510356
1.1833333333333333,3.3718398576
1.184,3.92140601697
1.1846666666666668,4.21761892515
1.1853333333333333,3.75587199452
1.186,3.83759988688
1.1866666666666665,3.91730298009
1.1873333333333334,4.04698991598
1.188,4.17085818135
1.1886666666666668,4.02093562803
1.1893333333333334,4.21223415483
1.19,3.94920967763
1.1906666666666665,3.89678195765
1.1913333333333334,3.71070958023
1.192,3.71349088277
1.1926666666666668,3.83508850546
1.1933333333333334,4.18024500114
1.194,4.42023935216
1.1946666666666665,4.19884260958
1.1953333333333334,3.76610111072
1.196,4.10170177029
1.1966666666666668,3.89221473597
1.1973333333333334,3.74957210777
1.198,3.80954479812
1.1986666666666665,3.91140763921
1.1993333333333334,3.67035281398
1.2,3.40602842478
1.2006666666666668,4.25477568546
1.2013333333333334,4.0137780057
1.202,3.66323081868
1.2026666666666666,3.7541163699
1.2033333333333334,3.5246726891
1.204,4.19990515244
1.2046666666666668,3.64641203291
1.2053333333333334,3.41515215055
1.206,3.84818462383
1.2066666666666666,3.94759372655
1.2073333333333334,3.63248754244
1.208,4.42774122103
1.2086666666666668,3.70355367224
1.2093333333333334,3.94181581367
1.21,3.86471539748
1.2106666666666666,4.13891021285
1.2113333333333334,4.050451375
1.212,4.16995236943
1.2126666666666668,4.04927451873
1.2133333333333334,4.22209546149
1.214,3.92285988591
1.2146666666666666,3.76197345145
1.2153333333333334,4.20459750901
1.216,3.46442948214
1.2166666666666666,3.81348291456
1.2173333333333334,3.84795381808
1.218,3.69984831618
1.2186666666666666,3.71511633691
1.2193333333333334,3.81559965841
1.22,3.77311167491
1.2206666666666666,3.6910463445
1.2213333333333334,3.68095375642
1.222,3.75145418196
1.2226666666666666,4.26582861873
1.2233333333333334,3.80882629274
1.224,4.09791920668
1.2246666666666666,3.9308926683
1.2253333333333334,3.60896237733
1.226,4.03729863134
1.2266666666666666,4.04535903312
1.2273333333333334,4.01062207956
1.228,4.13548231765
1.2286666666666666,4.22654000042
1.2293333333333334,4.11416139965
1.23,3.71739516263
1.2306666666666666,3.48794487514
1.2313333333333334,4.04639859794
1.232,4.0872367879
1.2326666666666666,4.05644063525
1.2333333333333334,3.76300669019
1.234,4.31490642663
1.2346666666666666,3.97930523205
1.2353333333333334,3.4201731272
1.236,4.51948213681
1.2366666666666666,4.35296343255
1.2373333333333334,3.92067317522
1.238,4.3300771785
1.2386666666666666,3.91533653624
1.2393333333333334,4.29563352048
1.24,4.0391393204
1.2406666666666666,3.7182129823
1.2413333333333334,3.76485176665
1.242,3.68064985024
1.2426666666666666,3.83962076318
1.2433333333333334,3.73826240036
1.244,3.9600197626
1.2446666666666666,3.91302448495
1.2453333333333334,3.93205926521
1.246,4.09867502968
1.2466666666666666,4.0464637046
1.2473333333333334,4.61705662624
1.248,4.16319185198
1.2486666666666666,4.29070056667
1.2493333333333334,4.32979233547
1.25,3.68748397631
1.2506666666666666,4.28077910316
1.2513333333333332,3.72730408534
1.252,3.55286567871
1.2526666666666666,3.84150679112
1.2533333333333334,4.21170763064
1.254,3.81823897415
1.2546666666666666,4.09750301917
1.2553333333333332,4.42309740729
1.256,3.78546560013
1.2566666666666666,4.05937479137
1.2573333333333334,3.72416606288
1.258,3.93910148638
1.2586666666666666,3.7315108869
1.2593333333333332,4.01402526951
1.26,3.73832324907
1.2606666666666666,3.93272430105
1.2613333333333334,4.11792703367
1.262,3.89775824284
1.2626666666666666,4.04434010044
1.2633333333333332,4.13249513056
1.264,4.10697793373
1.2646666666666666,4.35976616073
1.2653333333333334,4.38171129005
1.266,4.43618615459
1.2666666666666666,3.54199602908
1.2673333333333332,4.2218523791
1.268,3.89987841612
1.2686666666666666,4.17093950029
1.2693333333333334,4.32902782956
1.27,3.87552519232
1.2706666666666666,4.15116094745
1.2713333333333332,3.94566302953
1.272,4.00727229248
1.2726666666666666,3.82535379617
1.2733333333333334,4.00713912952
1.274,4.72324138673
1.2746666666666666,4.02250100253
1.2753333333333332,4.11201293717
1.276,4.36120663
1.2766666666666666,3.80792388436
1.2773333333333334,3.99757558208
1.278,4.0316872083
1.2786666666666666,4.11123555947
1.2793333333333332,3.94917080692
1.28,4.07317364951
1.2806666666666666,4.13327776299
1.2813333333333334,4.15930346799
1.282,3.9893412345
1.2826666666666666,4.12365191214
1.2833333333333332,4.26762344846
1.284,4.16265713098
1.2846666666666666,3.90377522792
1.2853333333333334,3.9173983716
1.286,3.70626536592
1.2866666666666666,4.03607611302
1.2873333333333332,4.22787589384
1.288,4.42198758666
1.2886666666666666,4.24146296134
1.2893333333333334,4.09452637634
1.29,4.04509793017
1.2906666666666666,4.1664090192
1.2913333333333332,4.29293318344
1.292,4.05057857591
1.2926666666666666,4.39535354123
1.2933333333333334,4.31722119632
1.294,4.00076767959
1.2946666666666666,4.1275509444
1.2953333333333332,3.98358113037
1.296,3.81783641532
1.2966666666666666,3.68870306362
1.2973333333333334,3.94929822959
1.298,4.26645882122
1.2986666666666666,3.70024250021
1.2993333333333332,3.94993023378
1.3,4.15718562676
1.3006666666666666,3.75681575797
1.3013333333333335,4.42746630233
1.302,4.30986340913
1.3026666666666666,4.28246261874
1.3033333333333332,3.95203302628
1.304,3.91546474919
1.3046666666666666,4.03471880513
1.3053333333333335,4.10772216977
1.306,4.36070176226
1.3066666666666666,4.03361636338
1.3073333333333332,3.56346252177
1.308,4.05303281736
1.3086666666666666,4.30638290701
1.3093333333333335,4.3318671761
1.31,3.47324793381
1.3106666666666666,4.04572573725
1.3113333333333332,4.24498805581
1.312,4.2190307715
1.3126666666666666,4.18580948087
1.3133333333333332,4.07612884774
1.314,3.95173333484
1.3146666666666667,4.55661413469
1.3153333333333332,3.74465448736
1.316,3.88886475432
1.3166666666666667,4.13648044385
1.3173333333333332,4.3373231184
1.318,4.09112430797
1.3186666666666667,4.16868988004
1.3193333333333332,4.0966197792
1.32,3.97589961979
1.3206666666666667,4.04551632117
1.3213333333333332,4.10291254697
1.322,4.36167935441
1.3226666666666667,4.15909708462
1.3233333333333333,4.09104345413
1.324,3.94288944666
1.3246666666666667,4.09402893769
1.3253333333333333,4.05437256042
1.326,4.41265413695
1.3266666666666667,4.22853256037
1.3273333333333333,4.15549734496
1.328,4.34718732775
1.3286666666666667,3.83905454463
1.3293333333333333,4.37864420276
1.33,4.40568732501
1.3306666666666667,3.88794459525
1.3313333333333333,4.10050217537
1.3319999999999999,4.34566356277
1.3326666666666667,4.33548656958
1.3333333333333333,3.80163388638
1.334,3.90907919968
1.3346666666666667,4.59639356208
1.3353333333333333,4.65390350914
1.3359999999999999,4.17793042507
1.3366666666666667,4.0003868228
1.3373333333333333,3.92196669191
1.338,3.96321442089
1.3386666666666667,3.97550975988
1.3393333333333333,4.29210786083
1.3399999999999999,4.74492447928
1.3406666666666667,4.33232614079
1.3413333333333333,4.21877571564
1.342,3.98772904394
1.3426666666666667,3.74434665527
1.3433333333333333,4.37125726425
1.3439999999999999,4.33261097925
1.3446666666666667,4.06639505502
1.3453333333333333,4.18560722714
1.346,3.98479641903
1.3466666666666667,4.34840223585
1.3473333333333333,4.15932543019
1.3479999999999999,4.16969917067
1.3486666666666667,4.23526022067
1.3493333333333333,3.95955451234
1.35,3.57475174379
1.3506666666666667,4.67817762174
1.3513333333333333,4.21786439074
1.3519999999999999,4.20334674397
1.3526666666666667,3.71644934276
1.3533333333333333,3.60675304523
1.354,4.23267546439
1.3546666666666667,3.76450994696
1.3553333333333333,4.41325351011
1.3559999999999999,4.50164308609
1.3566666666666667,4.40675577578
1.3573333333333333,4.02321732327
1.358,4.17059562074
1.3586666666666667,4.31583648367
1.3593333333333333,4.15196679158
1.3599999999999999,4.19270691474
1.3606666666666667,4.30015322018
1.3613333333333333,4.20082374654
1.362,4.30322188776
1.3626666666666667,4.08145789959
1.3633333333333333,3.92098748053
1.3639999999999999,4.38824726842
1.3646666666666667,4.20648279771
1.3653333333333333,4.87069543149
1.366,4.35882116404
1.3666666666666667,4.54955827518
1.3673333333333333,3.58576460837
1.3679999999999999,4.7881939444
1.3686666666666667,3.9349752996
1.3693333333333333,4.05766460322
1.37,4.30104962317
1.3706666666666667,3.93927539743
1.3713333333333333,4.41059092028
1.3719999999999999,4.80129958992
1.3726666666666667,4.06125629153
1.3733333333333333,4.10911967285
1.374,4.07694075815
1.3746666666666667,3.97531253676
1.3753333333333333,4.40036694756
1.376,4.12314323084
1.3766666666666667,4.31217332495
1.3773333333333333,4.3114264496
1.3780000000000001,3.80085124178
1.3786666666666667,4.4566129899
1.3793333333333333,4.28287210104
1.38,4.27111131085
1.3806666666666667,3.94621194623
1.3813333333333333,4.29439665344
1.3820000000000001,4.41966256827
1.3826666666666667,4.03742538765
1.3833333333333333,4.24580190178
1.384,4.10917838903
1.3846666666666667,3.87871936341
1.3853333333333333,3.75970678264
1.3860000000000001,3.91014966294
1.3866666666666667,4.4952743538
1.3873333333333333,4.23668894256
1.388,4.15330762168
1.3886666666666667,3.8736290637
1.3893333333333333,4.61044800059
1.3900000000000001,4.19269567817
1.3906666666666667,4.22465387886
1.3913333333333333,3.84548023474
1.392,3.9909282427
1.3926666666666667,4.12382227679
1.3933333333333333,4.2328040872
1.394,4.72872842281
1.3946666666666667,3.93193831526
1.3953333333333333,4.17434471276
1.396,4.43987225646
1.3966666666666667,4.11041953476
1.3973333333333333,4.34649626991
1.398,4.47812564278
1.3986666666666667,4.05620832872
1.3993333333333333,4.16999151528
1.4,3.93664407835
1.4006666666666667,4.06514123146
1.4013333333333333,4.21867792077
1.402,4.25719509818
1.4026666666666667,3.7991585403
1.4033333333333333,4.20475391943
1.404,4.29808903766
1.4046666666666667,3.87672568862
1.4053333333333333,4.89598079096
1.406,4.36721244234
1.4066666666666667,4.41652947491
1.4073333333333333,3.98159426127
1.408,4.76814625946
1.4086666666666667,4.28545950571
1.4093333333333333,4.1359571288
1.41,4.30782574033
1.4106666666666667,3.91627875907
1.4113333333333333,4.23272706719
1.412,4.11077982961
1.4126666666666665,4.14716994628
1.4133333333333333,4.35672721648
1.414,4.50519216694
1.4146666666666667,3.73381676022
1.4153333333333333,4.44296909256
1.416,4.15397822487
1.4166666666666665,4.2550311959
1.4173333333333333,4.36321088327
1.418,4.31116120159
1.4186666666666667,3.85926172334
1.4193333333333333,3.79767836936
1.42,4.02418835767
1.4206666666666665,4.98428105913
1.4213333333333333,4.54231953631
1.422,4.77363021137
1.4226666666666667,4.33933466615
1.4233333333333333,4.36651979232
1.424,4.11641286515
1.4246666666666665,4.04369670223
1.4253333333333333,4.68671560612
1.426,3.87279911919
1.4266666666666667,4.37304524412
1.4273333333333333,3.80763832833
1.428,4.0061077861
1.4286666666666665,4.34327356034
1.4293333333333333,4.7263177511
1.43,4.32669685902
1.4306666666666668,4.44684114024
1.4313333333333333,4.37620299599
1.432,4.29676485142
1.4326666666666665,3.94363797238
1.4333333333333333,4.19230911536
1.434,3.70873323554
1.4346666666666668,4.53744467116
1.4353333333333333,4.63752456896
1.436,4.48751986268
1.4366666666666665,4.22991800819
1.4373333333333334,4.10573902013
1.438,4.31675572857
1.4386666666666668,4.24034110896
1.4393333333333334,4.5172585814
1.44,4.82072126096
1.4406666666666665,4.25144433012
1.4413333333333334,4.47275304829
1.442,4.42864805225
1.4426666666666668,4.58368657441
1.4433333333333334,4.43474349176
1.444,4.20223961265
1.4446666666666665,3.77446154012
1.4453333333333334,4.42072850949
1.446,4.01560423974
1.4466666666666668,4.16529362105
1.4473333333333334,4.87766443845
1.448,4.10247187541
1.4486666666666665,4.17823337687
1.4493333333333334,4.57030951768
1.45,4.03490932682
1.4506666666666668,4.0407012382
1.4513333333333334,4.24798500565
1.452,4.29956001264
1.4526666666666666,4.36029846517
1.4533333333333334,4.37079977194
1.454,4.44054111021
1.4546666666666668,4.09386187743
1.4553333333333334,4.51893723744
1.456,4.40968500831
1.4566666666666666,4.2036652942
1.4573333333333334,3.95814467512
1.458,4.03813949651
1.4586666666666668,4.82719815114
1.4593333333333334,4.44497005882
1.46,4.20489945258
1.4606666666666666,4.64415532508
1.4613333333333334,4.26565552288
1.462,4.27201109947
1.4626666666666668,4.86101127995
1.4633333333333334,4.25002773697
1.464,4.53693286023
1.4646666666666666,4.33821960989
1.4653333333333334,4.17620345797
1.466,3.98567390615
1.4666666666666668,4.43810523395
1.4673333333333334,4.45140378753
1.468,4.22903926086
1.4686666666666666,4.42436576145
1.4693333333333334,4.5638578164
1.47,4.60719352507
1.4706666666666668,4.41224045505
1.4713333333333334,4.53767066789
1.472,4.33666794858
1.4726666666666666,4.79394746162
1.4733333333333334,3.92383544947
1.474,4.70100602827
1.4746666666666666,4.1348877723
1.4753333333333334,4.57445756871
1.476,4.26884681122
1.4766666666666666,4.31395843149
1.4773333333333334,4.16613565105
1.478,4.70378479294
1.4786666666666666,3.9651358858
1.4793333333333334,4.01284564239
1.48,4.07401567805
1.4806666666666666,4.55712629514
1.4813333333333334,4.25712029677
1.482,4.42109896447
1.4826666666666666,4.56523576182
1.4833333333333334,4.10646327243
1.484,4.31101931281
1.4846666666666666,4.47055703072
1.4853333333333334,4.2391159275
1.486,4.50598614838
1.4866666666666666,4.64647020939
1.4873333333333334,4.1378006806
1.488,4.46161265941
1.4886666666666666,4.17979779715
1.4893333333333334,4.45605851654
1.49,4.50935644689
1.4906666666666666,4.57656659535
1.4913333333333334,4.3709945135
1.492,4.13632705478
1.4926666666666666,4.0473389386
1.4933333333333332,4.2676261211
1.494,3.99276878073
1.4946666666666666,4.7280407022
1.4953333333333334,4.40424510559
1.496,4.09971338038
1.4966666666666666,4.81869478899
1.4973333333333332,4.35270458259
1.498,4.58348510256
1.4986666666666666,4.62727471026
1.4993333333333334,4.25232657333
1.5,4.51276836123
1.5006666666666666,4.56687112645
1.5013333333333332,4.48121623676
1.502,4.13588122514
1.5026666666666666,4.42934486064
1.5033333333333334,4.4361883797
1.504,5.34006509138
1.5046666666666666,4.39178297047
1.5053333333333332,4.64797066455
1.506,4.64205287782
1.5066666666666666,4.13514237225
1.5073333333333334,4.12344308005
1.508,4.39486225932
1.5086666666666666,4.31360135614
1.5093333333333332,3.9576462933
1.51,3.921776274
1.5106666666666666,4.35440402024
1.5113333333333334,4.78433818968
1.512,4.20758116864
1.5126666666666666,4.36405516589
1.5133333333333332,4.71223990573
1.514,4.55068330002
1.5146666666666666,4.04421166641
1.5153333333333334,4.31841616793
1.516,4.74801576682
1.5166666666666666,4.49563003652
1.5173333333333332,4.10179944591
1.518,4.30978998231
1.5186666666666666,4.23964971113
1.5193333333333334,4.54144782063
1.52,4.37935111462
1.5206666666666666,4.12427855945
1.5213333333333332,4.16503685254
1.522,4.2310999608
1.5226666666666666,4.47697215907
1.5233333333333334,4.58709975403
1.524,3.99893993294
1.5246666666666666,4.79176068096
1.5253333333333332,4.11761344813
1.526,4.41373183034
1.5266666666666666,4.29585622462
1.5273333333333334,4.53837547758
1.528,4.64095133199
1.5286666666666666,4.73164414282
1.5293333333333332,4.19528546651
1.53,4.68086494458
1.5306666666666666,4.48429519272
1.5313333333333334,4.52435402037
1.532,4.02708267708
1.5326666666666666,4.23842014325
1.5333333333333332,4.48979679419
1.534,4.5077342274
1.5346666666666666,4.49886777622
1.5353333333333334,4.23406235175
1.536,4.69119499389
1.5366666666666666,4.68132620787
1.5373333333333332,4.18392753781
1.538,4.51944073107
1.5386666666666666,4.39734966768
1.5393333333333334,4.27850001787
1.54,4.36407026124
1.5406666666666666,4.49932910099
1.5413333333333332,4.56009094693
1.542,4.4347647337
1.5426666666666666,4.9117354775
1.5433333333333334,4.32330148348
1.544,4.51796119273
1.5446666666666666,4.37361166103
1.5453333333333332,4.60677477139
1.5459999999999998,4.14660457419
1.5466666666666666,4.04754530063
1.5473333333333334,4.24681718798
1.548,4.39007378856
1.5486666666666666,4.41698009077
1.5493333333333332,4.40720928864
1.5499999999999998,4.61875409633
1.5506666666666666,4.55832634148
1.5513333333333335,4.28937572973
1.552,4.28911373177
1.5526666666666666,4.66124637682
1.5533333333333332,4.50500016009
1.5539999999999998,4.49530275512
1.5546666666666666,3.98770712768
1.5553333333333335,4.06740686915
1.556,4.36950821371
1.5566666666666666,4.07376660988
1.5573333333333332,4.89500875808
1.5579999999999998,4.2461439523
1.5586666666666666,4.60575402316
1.5593333333333335,4.23082597172
1.56,4.86103186755
1.5606666666666666,4.08877905773
1.5613333333333332,4.8888362431
1.5619999999999998,4.52351357816
1.5626666666666666,4.5341448468
1.5633333333333335,4.80437319222
1.564,4.42720549779
1.5646666666666667,4.75294490652
1.5653333333333332,4.38697058617
1.5659999999999998,4.32145301766
1.5666666666666667,4.43813928029
1.5673333333333335,4.48903021688
1.568,4.48154235158
1.5686666666666667,4.56280758657
1.5693333333333332,4.49303314182
1.5699999999999998,4.3749655191
1.5706666666666667,4.8244424842
1.5713333333333335,4.20760237929
1.572,4.53913303111
1.5726666666666667,4.20472485211
1.5733333333333333,4.54641146505
1.5739999999999998,4.68125002396
1.5746666666666667,4.93263465795
1.5753333333333335,4.19027791792
1.576,4.842580597
1.5766666666666667,4.79093581038
1.5773333333333333,4.74754002072
1.5779999999999998,4.1153873379
1.5786666666666667,4.32733256054
1.5793333333333335,4.45034915839
1.58,4.99007388224
1.5806666666666667,4.48173778821
1.5813333333333333,4.72863801159
1.5819999999999999,4.08753281954
1.5826666666666667,4.62028113684
1.5833333333333333,4.32852440908
1.584,4.48826373994
1.5846666666666667,4.51987388217
1.5853333333333333,4.66425253982
1.5859999999999999,4.75348011984
1.5866666666666667,4.83117422291
1.5873333333333333,4.56826097296
1.588,4.43645237249
1.5886666666666667,4.06249120304
1.5893333333333333,4.65603932852
1.5899999999999999,4.25983038715
1.5906666666666667,4.66657046835
1.5913333333333333,4.36888450356
1.592,4.91453599082
1.5926666666666667,4.54045148834
1.5933333333333333,4.51185530983
1.5939999999999999,4.85711112404
1.5946666666666667,4.97824045752
1.5953333333333333,4.70456902261
1.596,4.27047765042
1.5966666666666667,4.79606018285
1.5973333333333333,4.27734881291
1.5979999999999999,4.44676679655
1.5986666666666667,4.70850373432
1.5993333333333333,4.8171893959
1.6,4.84870340969
1.6006666666666667,4.86378728731
1.6013333333333333,4.89567184698
1.6019999999999999,5.10251861435
1.6026666666666667,4.71015299691
1.6033333333333333,4.4907270152
1.604,4.66390874341
1.6046666666666667,4.39732183696
1.6053333333333333,4.43878387551
1.6059999999999999,4.61768152036
1.6066666666666667,4.20425436344
1.6073333333333333,4.4049127019
1.608,4.48415943684
1.6086666666666667,4.33123737867
1.6093333333333333,4.74315371707
1.6099999999999999,4.35284872371
1.6106666666666667,4.89647433014
1.6113333333333333,4.6703300821
1.612,4.31661292707
1.6126666666666667,5.17222483782
1.6133333333333333,4.82681928134
1.6139999999999999,4.98234658706
1.6146666666666667,5.00627511766
1.6153333333333333,4.91253789206
1.616,4.79963860001
1.6166666666666667,4.84335074723
1.6173333333333333,4.18135949814
1.6179999999999999,4.83101025832
1.6186666666666667,4.50067361762
1.6193333333333333,4.09599730888
1.62,4.64999044269
1.6206666666666667,4.48441708038
1.6213333333333333,4.75819825081
1.6219999999999999,4.17283713574
1.6226666666666665,4.63220138403
1.6233333333333333,4.36111383264
1.624,4.56704936946
1.6246666666666667,4.86454744799
1.6253333333333333,4.79669500907
1.626,4.54014381182
1.6266666666666665,4.59374724697
1.6273333333333333,4.77059692977
1.6280000000000001,4.65995654446
1.6286666666666667,4.7747019223
1.6293333333333333,4.55106810712
1.63,4.87595188854
1.6306666666666665,4.90539957318
1.6313333333333333,5.03074846504
1.6320000000000001,4.30690769498
1.6326666666666667,4.70960760448
1.6333333333333333,4.56301313292
1.634,4.71202750012
1.6346666666666665,5.19726338815
1.6353333333333333,4.34708857803
1.6360000000000001,4.5119004443
1.6366666666666667,4.59927285987
1.6373333333333333,4.70619004413
1.638,4.35336068016
1.6386666666666665,4.57520556448
1.6393333333333333,5.01708086572
1.6400000000000001,4.75519990726
1.6406666666666667,5.16670242364
1.6413333333333333,4.67173050001
1.642,4.54835358008
1.6426666666666665,4.51059191143
1.6433333333333333,4.62404996587
1.6440000000000001,4.89499173931
1.6446666666666667,4.8578420417
1.6453333333333333,4.37032056215
1.646,4.16387489895
1.6466666666666665,4.40593461788
1.6473333333333333,4.62062485688
1.6480000000000001,4.34338509067
1.6486666666666667,4.32986808635
1.6493333333333333,4.67850678987
1.65,4.59252444696
1.6506666666666665,4.34665314288
1.6513333333333333,4.91797639541
1.6520000000000001,4.7891264908
1.6526666666666667,4.43737961434
1.6533333333333333,4.47844987027
1.654,4.67859000935
1.6546666666666665,4.61722394142
1.6553333333333333,4.67050535035
1.6560000000000001,4.66720975127
1.6566666666666667,4.78230553297
1.6573333333333333,4.30744727224
1.658,5.11544510643
1.6586666666666665,4.28018296057
1.6593333333333333,5.28437353096
1.6600000000000001,4.60703086125
1.6606666666666667,4.16088780791
1.6613333333333333,4.21152365779
1.662,5.10724257066
1.6626666666666665,4.59010041106
1.6633333333333333,4.49174807522
1.664,4.56134103552
1.6646666666666667,4.63973200514
1.6653333333333333,4.67061944949
1.666,4.58122256448
1.6666666666666665,4.44159664128
1.6673333333333333,4.91089222471
1.668,5.03875458591
1.6686666666666667,5.07570196059
1.6693333333333333,4.4462223455
1.67,4.47636559914
1.6706666666666665,4.45621505089
1.6713333333333333,4.86396824504
1.672,4.20103029033
1.6726666666666667,4.5890125116
1.6733333333333333,4.42328674195
1.674,4.98179338869
1.6746666666666665,4.75571488265
1.6753333333333333,5.28850727968
1.676,4.74604558556
1.6766666666666667,4.90807447524
1.6773333333333333,4.45466706805
1.678,4.53218126066
1.6786666666666665,4.68449376005
1.6793333333333333,4.90118033161
1.68,4.68056942671
1.6806666666666668,4.74268061838
1.6813333333333333,4.69750406065
1.682,4.58314451553
1.6826666666666665,5.05467624697
1.6833333333333333,4.59783592427
1.684,4.80000120239
1.6846666666666668,4.40075831206
1.6853333333333333,5.17412078732
1.686,4.4308719671
1.6866666666666665,4.79276352396
1.6873333333333334,4.51369498549
1.688,4.88413809526
1.6886666666666668,4.93850948907
1.6893333333333334,5.0430036599
1.69,4.82863989342
1.6906666666666665,4.46823398175
1.6913333333333334,4.86867819977
1.692,4.64341611098
1.6926666666666668,5.0894994301
1.6933333333333334,5.23197239944
1.694,4.60135185035
1.6946666666666665,5.01353162738
1.6953333333333334,4.55023224324
1.696,4.4919311264
1.6966666666666668,4.52686468182
1.6973333333333334,4.76378719644
1.698,4.9325775708
1.6986666666666665,4.60133324517
1.6993333333333334,4.81202213868
1.7,4.54995578929
1.7006666666666668,4.89281161658
1.7013333333333334,4.67473482596
1.702,4.49646598422
1.7026666666666666,4.81116646794
1.7033333333333331,4.50797134428
1.704,4.62721631267
1.7046666666666668,4.79405238751
1.7053333333333334,4.41381372868
1.706,4.53756766248
1.7066666666666666,4.79963337804
1.7073333333333331,4.24360050068
1.708,4.41771383718
1.7086666666666668,4.65866551172
1.7093333333333334,4.56467121089
1.71,4.87528389872
1.7106666666666666,4.77007109433
1.7113333333333332,4.45886475837
1.712,4.64692627727
1.7126666666666668,4.57440814154
1.7133333333333334,4.76107348261
1.714,4.70496291786
1.7146666666666666,4.46581995745
1.7153333333333332,4.87055442891
1.716,4.93848936638
1.7166666666666668,4.58682761982
1.7173333333333334,5.04568867413
1.718,5.24718445105
1.7186666666666666,5.15261558255
1.7193333333333332,4.42995132569
1.72,4.77216424547
1.7206666666666668,4.95928651464
1.7213333333333334,4.66695342958
1.722,4.26265263692
1.7226666666666666,5.2798849115
1.7233333333333332,4.51174307662
1.724,4.99605759495
1.7246666666666668,4.82800566615
1.7253333333333334,4.70602461719
1.726,4.59498979298
1.7266666666666666,4.69656464557
1.7273333333333332,4.9929832293
1.728,4.50487578866
1.7286666666666668,4.59418104046
1.7293333333333334,4.65076660193
1.73,5.00017334572
1.7306666666666666,4.50371925178
1.7313333333333332,4.76785336529
1.732,4.62192136827
1.7326666666666668,4.7043856576
1.7333333333333334,4.92960190781
1.734,4.90521140448
1.7346666666666666,4.75802505267
1.7353333333333332,4.69604627135
1.736,4.82980191721
1.7366666666666668,5.16319949115
1.7373333333333334,4.51630587129
1.738,5.10248333627
1.7386666666666666,4.9682021806
1.7393333333333332,4.74399711789
1.74,4.70220673573
1.7406666666666668,5.22912641338
1.7413333333333334,4.52218604907
1.742,4.75284738846
1.7426666666666666,4.54396781373
1.7433333333333332,4.99807808387
1.744,4.68710785647
1.7446666666666666,4.28046551945
1.7453333333333334,4.67599022966
1.746,4.97854265564
1.7466666666666666,4.79963684704
1.7473333333333332,4.80776588897
1.748,5.05855637818
1.7486666666666666,5.38221073351
1.7493333333333334,4.70267973846
1.75,5.06529615128
1.7506666666666666,5.03756485292
1.7513333333333332,4.8994936155
1.752,4.93570443002
1.7526666666666666,4.50621946224
1.7533333333333334,4.7053227247
1.754,4.80501966761
1.7546666666666666,5.28728334309
1.7553333333333332,4.75154509914
1.756,4.6442434761
1.7566666666666666,4.59943679912
1.7573333333333334,4.74946267301
1.758,5.09830576599
1.7586666666666666,4.80576098442
1.7593333333333332,4.39996994691
1.76,4.63187608117
1.7606666666666666,4.43885150863
1.7613333333333334,5.06079819581
1.762,4.80950792342
1.7626666666666666,5.09046354877
1.7633333333333332,5.1446643678
1.764,5.05769622774
1.7646666666666666,5.00335454589
1.7653333333333334,4.83968872634
1.766,4.71699898053
1.7666666666666666,5.15473148651
1.7673333333333332,4.8856087126
1.768,4.99478780437
1.7686666666666666,4.64022083092
1.7693333333333334,4.62475648274
1.77,4.69168452123
1.7706666666666666,4.97504113991
1.7713333333333332,4.77233910541
1.772,4.66892107656
1.7726666666666666,4.94211839817
1.7733333333333334,4.70843740229
1.774,4.52727608028
1.7746666666666666,4.86274519347
1.7753333333333332,4.92790272338
1.776,5.04621505019
1.7766666666666666,4.97282270243
1.7773333333333334,5.58931583005
1.778,5.61070800385
1.7786666666666666,4.903898103
1.7793333333333332,4.51630455288
1.78,4.72269841521
1.7806666666666666,4.76600258687
1.7813333333333334,4.49731340409
1.782,4.93733043871
1.7826666666666666,5.10601917163
1.7833333333333332,4.89655556719
1.7839999999999998,4.96710009061
1.7846666666666666,5.45984091115
1.7853333333333334,5.25262938041
1.786,4.98678501675
1.7866666666666666,4.50202093179
1.7873333333333332,4.91531875109
1.7879999999999998,4.54308152516
1.7886666666666666,5.17247240471
1.7893333333333334,4.57782047884
1.79,4.91210025817
1.7906666666666666,4.71415330309
1.7913333333333332,4.65372641881
1.7919999999999998,5.08316206296
1.7926666666666666,4.89145331336
1.7933333333333334,5.00281564275
1.794,4.89407353039
1.7946666666666666,4.97349789025
1.7953333333333332,4.84981044327
1.7959999999999998,4.54620674214
1.7966666666666666,4.42550740799
1.7973333333333334,4.69476744287
1.798,4.87720621758
1.7986666666666666,4.76841240175
1.7993333333333332,4.93255812178
1.7999999999999998,4.97441484906
1.8006666666666666,4.67344169237
1.8013333333333335,5.0967613509
1.802,4.96947170524
1.8026666666666666,4.41258477337
1.8033333333333332,5.0897323722
1.8039999999999998,4.62409085898
1.8046666666666666,4.82489442944
1.8053333333333335,4.32675877453
1.806,4.1908189897
1.8066666666666666,4.64214379726
1.8073333333333332,4.80304237287
1.8079999999999998,4.87539925808
1.8086666666666666,5.01159823721
1.8093333333333335,4.42465943476
1.81,5.26316241123
1.8106666666666666,4.75950582472
1.8113333333333332,5.36146327463
1.8119999999999998,5.03165380181
1.8126666666666666,5.24676068344
1.8133333333333335,5.25365484528
1.814,5.27194995789
1.8146666666666667,4.78104686969
1.8153333333333332,4.54574483841
1.8159999999999998,4.79658723229
1.8166666666666667,5.13005188241
1.8173333333333335,5.42279205309
1.818,4.97926133829
1.8186666666666667,4.96398351488
1.8193333333333332,5.00691435966
1.8199999999999998,5.10459505906
1.8206666666666667,5.07707282912
1.8213333333333335,4.63291693951
1.822,4.90492062668
1.8226666666666667,4.77880559817
1.8233333333333333,4.64987553075
1.8239999999999998,5.04622554982
1.8246666666666667,4.5828930688
1.8253333333333333,4.89740856263
1.826,5.22863933587
1.8266666666666667,4.87184738031
1.8273333333333333,5.09420468593
1.8279999999999998,5.11292639999
1.8286666666666667,5.02952099736
1.8293333333333333,4.94449283147
1.83,4.89696852709
1.8306666666666667,5.27741201805
1.8313333333333333,4.82102064389
1.8319999999999999,4.9872293356
1.8326666666666667,4.66182940161
1.8333333333333333,4.93917726427
1.834,4.69813322686
1.8346666666666667,5.5101135345
1.8353333333333333,4.58563090324
1.8359999999999999,5.23367130984
1.8366666666666667,5.3396928402
1.8373333333333333,5.32254248119
1.838,4.78884652852
1.8386666666666667,4.45992722985
1.8393333333333333,5.11586205621
1.8399999999999999,4.52055770398
1.8406666666666667,5.08898591544
1.8413333333333333,5.08536662404
1.842,5.19180008282
1.8426666666666667,4.99029484959
1.8433333333333333,4.99821736635
1.8439999999999999,5.09359736824
1.8446666666666667,5.27946219666
1.8453333333333333,5.26260760089
1.846,4.88694340655
1.8466666666666667,5.09242992533
1.8473333333333333,4.98176696073
1.8479999999999999,5.32217640906
1.8486666666666667,5.05768109137
1.8493333333333333,4.74591315954
1.85,5.03617597115
1.8506666666666667,4.55075738037
1.8513333333333333,5.18529510258
1.8519999999999999,4.93805471222
1.8526666666666667,4.58396931277
1.8533333333333333,4.50086521445
1.854,5.32270358909
1.8546666666666667,5.27530641502
1.8553333333333333,5.40992282143
1.8559999999999999,4.40486076135
1.8566666666666667,4.98738748719
1.8573333333333333,4.58349318489
1.858,5.10366836183
1.8586666666666667,4.44324128037
1.8593333333333333,4.87637783674
1.8599999999999999,4.91215188977
1.8606666666666667,5.64994990075
1.8613333333333333,5.32245444554
1.862,4.83231536407
1.8626666666666667,5.25230038163
1.8633333333333333,4.6482877362
1.8639999999999999,4.69000476647
1.8646666666666665,4.88083883692
1.8653333333333333,5.02614914148
1.866,5.5042539397
1.8666666666666667,5.1597051519
1.8673333333333333,4.95697097735
1.8679999999999999,4.58847090891
1.8686666666666665,4.9543370515
1.8693333333333333,4.94170721003
1.87,5.15785580311
1.8706666666666667,4.8195313096
1.8713333333333333,5.14662260314
1.8719999999999999,5.09808012864
1.8726666666666665,5.08601848744
1.8733333333333333,5.32672384224
1.874,5.04979279032
1.8746666666666667,5.12041473903
1.8753333333333333,5.37698265501
1.876,4.57031177839
1.8766666666666665,5.33387848501
1.8773333333333333,4.93679120401
1.8780000000000001,5.5420269881
1.8786666666666667,5.43081123752
1.8793333333333333,4.68220660281
1.88,5.38334441847
1.8806666666666665,5.39094931316
1.8813333333333333,5.07644748068
1.8820000000000001,4.56324646184
1.8826666666666667,5.0465395344
1.8833333333333333,4.30445726246
1.884,5.38428973344
1.8846666666666665,5.31344013788
1.8853333333333333,4.95475476726
1.8860000000000001,5.33438182365
1.8866666666666667,4.860819243
1.8873333333333333,5.37205177841
1.888,4.87996727747
1.8886666666666665,5.16664817068
1.8893333333333333,5.14923621962
1.8900000000000001,4.62605192179
1.8906666666666667,4.74950023375
1.8913333333333333,5.03099126707
1.892,5.25324426521
1.8926666666666665,4.67820922773
1.8933333333333333,4.99758536781
1.8940000000000001,5.12009560204
1.8946666666666667,4.75439443648
1.8953333333333333,5.05804679882
1.896,4.61360560682
1.8966666666666665,4.96272382487
1.8973333333333333,4.96570479541
1.8980000000000001,4.61375201158
1.8986666666666667,4.79331275675
1.8993333333333333,5.24589735663
1.9,4.81299763248
1.9006666666666665,5.18232791267
1.9013333333333333,5.32009460723
1.9020000000000001,5.12368599753
1.9026666666666667,4.94653634483
1.9033333333333333,4.9286562399
1.904,5.09729602595
1.9046666666666665,4.83133855092
1.9053333333333333,5.17816532488
1.906,4.60166382154
1.9066666666666667,5.376508858
1.9073333333333333,4.94554393151
1.908,5.03191474207
1.9086666666666665,4.9808722634
1.9093333333333333,5.29012501847
1.91,4.54577736739
1.9106666666666667,4.83672066867
1.9113333333333333,4.5340316951
1.912,5.07817676135
1.9126666666666665,4.7627279575
1.9133333333333333,4.83928172147
1.914,4.93351410669
1.9146666666666667,4.9824397755
1.9153333333333333,4.98854399991
1.916,5.44060273056
1.9166666666666665,5.12891908305
1.9173333333333333,4.9082925443
1.918,5.02031550807
1.9186666666666667,4.624948715
1.9193333333333333,4.91983669256
1.92,4.70657629972
1.9206666666666665,4.78916921634
1.9213333333333333,5.25903338901
1.922,5.5759487083
1.9226666666666667,5.57920762876
1.9233333333333333,5.05152511269
1.924,5.08148855667
1.9246666666666665,4.71699882894
1.9253333333333333,5.01752344404
1.926,5.03959600134
1.9266666666666667,5.02733138217
1.9273333333333333,4.86330146694
1.928,5.00641089918
1.9286666666666665,5.37700993057
1.9293333333333333,5.1807230063
1.93,5.1510166368
1.9306666666666668,5.0848640318
1.9313333333333333,5.31464256934
1.932,4.55463466877
1.9326666666666665,4.92718311402
1.9333333333333333,5.35076171544
1.934,4.79634349698
1.9346666666666668,4.97561295054
1.9353333333333333,4.86229816167
1.936,5.01920898339
1.9366666666666665,5.52979591267
1.9373333333333334,5.04599092908
1.938,4.48285511117
1.9386666666666668,5.00700045695
1.9393333333333334,4.94669145206
1.94,4.9259887488
1.9406666666666665,4.71445215086
1.9413333333333334,5.03862023995
1.942,4.81582220131
1.9426666666666668,4.86165059185
1.9433333333333334,5.08517912064
1.944,5.37584559435
1.9446666666666665,5.38883563721
1.9453333333333331,5.43511056764
1.946,4.91471907797
1.9466666666666668,5.18636866338
1.9473333333333334,5.34520838476
1.948,4.80629921038
1.9486666666666665,4.93953600231
1.9493333333333331,5.60775304748
1.95,5.26742159123
1.9506666666666668,4.92843887002
1.9513333333333334,4.98301393804
1.952,5.48163893578
1.9526666666666666,5.20525392557
1.9533333333333331,5.30697156891
1.954,5.17000349672
1.9546666666666668,5.01743281233
1.9553333333333334,5.21030528571
1.956,5.15554543801
1.9566666666666666,4.97817221507
1.9573333333333331,4.94088300963
1.958,4.74602136097
1.9586666666666668,4.93440829191
1.9593333333333334,4.91670376936
1.96,5.12719905403
1.9606666666666666,5.27956617646
1.9613333333333332,4.71413495022
1.962,5.34373478667
1.9626666666666668,5.81786304087
1.9633333333333334,5.23907974726
1.964,4.75166972996
1.9646666666666666,5.39686907559
1.9653333333333332,4.65796331039
1.966,5.65316464962
1.9666666666666668,5.40489470753
1.9673333333333334,5.42144388261
1.968,5.05967915528
1.9686666666666666,4.67622333057
1.9693333333333332,5.59949019346
1.97,4.89312885794
1.9706666666666668,5.29895582103
1.9713333333333334,5.2076579365
1.972,5.11361694803
1.9726666666666666,5.21983842702
1.9733333333333332,5.15264523674
1.974,4.93762714408
1.9746666666666668,5.34568861581
1.9753333333333334,5.16399332966
1.976,5.2157004658
1.9766666666666666,4.69086048356
1.9773333333333332,5.51780465555
1.978,5.51901324137
1.9786666666666668,5.31186383251
1.9793333333333334,5.04740048014
1.98,4.85675991565
1.9806666666666666,5.0760990115
1.9813333333333332,4.96876294696
1.982,5.31688627033
1.9826666666666668,5.52039903121
1.9833333333333334,5.39376087746
1.984,4.779670828
1.9846666666666666,5.4716984669
1.9853333333333332,5.18882769833
1.986,5.00566352013
1.9866666666666666,4.97208136979
1.9873333333333334,5.51516472886
1.988,5.09424645998
1.9886666666666666,4.80836990792
1.9893333333333332,5.51164329641
1.99,5.50792969392
1.9906666666666666,4.69498552164
1.9913333333333334,4.98923637919
1.992,5.03651990847
1.9926666666666666,5.24306476371
1.9933333333333332,4.80870288763
1.994,5.00631118329
1.9946666666666666,4.72462851923
1.9953333333333334,5.31639247789
1.996,4.91066171121
1.9966666666666666,5.45061586645
1.9973333333333332,5.16629790839
1.998,5.43067655418
1.9986666666666666,5.57968186008
1.9993333333333334,5.68438125025
